[{"model": "admin.logentry", "pk": 1, "fields": {"action_time": "2022-09-18T21:35:05.962Z", "user": 1, "content_type": 7, "object_id": "1", "object_repr": "stuff_express.example.com", "action_flag": 2, "change_message": "[{\"changed\": {\"fields\": [\"Domain name\", \"Display name\"]}}]"}}, {"model": "admin.logentry", "pk": 2, "fields": {"action_time": "2022-09-18T21:35:23.861Z", "user": 1, "content_type": 7, "object_id": "1", "object_repr": "stuffexpress.example.com", "action_flag": 2, "change_message": "[{\"changed\": {\"fields\": [\"Domain name\"]}}]"}}, {"model": "admin.logentry", "pk": 3, "fields": {"action_time": "2022-09-18T21:47:14.961Z", "user": 1, "content_type": 8, "object_id": "1", "object_repr": "bogdan@email.com", "action_flag": 2, "change_message": "[{\"changed\": {\"fields\": [\"Verified\", \"Primary\"]}}]"}}, {"model": "admin.logentry", "pk": 4, "fields": {"action_time": "2022-09-21T16:11:14.482Z", "user": 1, "content_type": 13, "object_id": "1", "object_repr": "Category object (1)", "action_flag": 1, "change_message": "[{\"added\": {}}]"}}, {"model": "admin.logentry", "pk": 5, "fields": {"action_time": "2022-09-21T16:11:21.648Z", "user": 1, "content_type": 13, "object_id": "1", "object_repr": "Category object (1)", "action_flag": 2, "change_message": "[]"}}, {"model": "admin.logentry", "pk": 6, "fields": {"action_time": "2022-09-21T16:16:45.767Z", "user": 1, "content_type": 14, "object_id": "1", "object_repr": "Keyboard", "action_flag": 1, "change_message": "[{\"added\": {}}]"}}, {"model": "admin.logentry", "pk": 7, "fields": {"action_time": "2022-09-21T16:32:33.952Z", "user": 1, "content_type": 14, "object_id": "2", "object_repr": "Laptop", "action_flag": 1, "change_message": "[{\"added\": {}}]"}}, {"model": "admin.logentry", "pk": 8, "fields": {"action_time": "2022-09-26T05:53:33.752Z", "user": 1, "content_type": 13, "object_id": "2", "object_repr": "Category object (2)", "action_flag": 1, "change_message": "[{\"added\": {}}]"}}, {"model": "admin.logentry", "pk": 9, "fields": {"action_time": "2022-09-26T05:53:45.560Z", "user": 1, "content_type": 13, "object_id": "3", "object_repr": "Category object (3)", "action_flag": 1, "change_message": "[{\"added\": {}}]"}}, {"model": "admin.logentry", "pk": 10, "fields": {"action_time": "2022-09-26T05:54:22.470Z", "user": 1, "content_type": 13, "object_id": "4", "object_repr": "Category object (4)", "action_flag": 1, "change_message": "[{\"added\": {}}]"}}, {"model": "admin.logentry", "pk": 11, "fields": {"action_time": "2022-09-26T05:54:29.861Z", "user": 1, "content_type": 13, "object_id": "5", "object_repr": "Category object (5)", "action_flag": 1, "change_message": "[{\"added\": {}}]"}}, {"model": "admin.logentry", "pk": 12, "fields": {"action_time": "2022-09-26T05:54:59.287Z", "user": 1, "content_type": 13, "object_id": "6", "object_repr": "Category object (6)", "action_flag": 1, "change_message": "[{\"added\": {}}]"}}, {"model": "admin.logentry", "pk": 13, "fields": {"action_time": "2022-09-26T05:55:17.374Z", "user": 1, "content_type": 13, "object_id": "7", "object_repr": "Category object (7)", "action_flag": 1, "change_message": "[{\"added\": {}}]"}}, {"model": "admin.logentry", "pk": 14, "fields": {"action_time": "2022-09-26T05:55:22.996Z", "user": 1, "content_type": 13, "object_id": "8", "object_repr": "Category object (8)", "action_flag": 1, "change_message": "[{\"added\": {}}]"}}, {"model": "admin.logentry", "pk": 15, "fields": {"action_time": "2022-09-26T05:55:33.363Z", "user": 1, "content_type": 13, "object_id": "9", "object_repr": "Category object (9)", "action_flag": 1, "change_message": "[{\"added\": {}}]"}}, {"model": "admin.logentry", "pk": 16, "fields": {"action_time": "2022-09-26T05:55:41.534Z", "user": 1, "content_type": 13, "object_id": "10", "object_repr": "Category object (10)", "action_flag": 1, "change_message": "[{\"added\": {}}]"}}, {"model": "admin.logentry", "pk": 17, "fields": {"action_time": "2022-09-26T05:56:57.419Z", "user": 1, "content_type": 13, "object_id": "11", "object_repr": "Category object (11)", "action_flag": 1, "change_message": "[{\"added\": {}}]"}}, {"model": "admin.logentry", "pk": 18, "fields": {"action_time": "2022-09-26T05:57:07.246Z", "user": 1, "content_type": 13, "object_id": "12", "object_repr": "Category object (12)", "action_flag": 1, "change_message": "[{\"added\": {}}]"}}, {"model": "admin.logentry", "pk": 19, "fields": {"action_time": "2022-09-26T05:57:17.849Z", "user": 1, "content_type": 13, "object_id": "13", "object_repr": "Category object (13)", "action_flag": 1, "change_message": "[{\"added\": {}}]"}}, {"model": "admin.logentry", "pk": 20, "fields": {"action_time": "2022-09-26T05:57:41.118Z", "user": 1, "content_type": 13, "object_id": "14", "object_repr": "Category object (14)", "action_flag": 1, "change_message": "[{\"added\": {}}]"}}, {"model": "admin.logentry", "pk": 21, "fields": {"action_time": "2022-09-26T05:58:07.464Z", "user": 1, "content_type": 13, "object_id": "15", "object_repr": "Category object (15)", "action_flag": 1, "change_message": "[{\"added\": {}}]"}}, {"model": "admin.logentry", "pk": 22, "fields": {"action_time": "2022-09-26T05:58:29.728Z", "user": 1, "content_type": 13, "object_id": "16", "object_repr": "Category object (16)", "action_flag": 1, "change_message": "[{\"added\": {}}]"}}, {"model": "admin.logentry", "pk": 23, "fields": {"action_time": "2022-09-26T05:58:38.281Z", "user": 1, "content_type": 13, "object_id": "17", "object_repr": "Category object (17)", "action_flag": 1, "change_message": "[{\"added\": {}}]"}}, {"model": "admin.logentry", "pk": 24, "fields": {"action_time": "2022-09-26T05:58:49.429Z", "user": 1, "content_type": 13, "object_id": "18", "object_repr": "Category object (18)", "action_flag": 1, "change_message": "[{\"added\": {}}]"}}, {"model": "admin.logentry", "pk": 25, "fields": {"action_time": "2022-09-26T06:38:21.788Z", "user": 1, "content_type": 13, "object_id": "19", "object_repr": "Category object (19)", "action_flag": 1, "change_message": "[{\"added\": {}}]"}}, {"model": "admin.logentry", "pk": 26, "fields": {"action_time": "2022-09-26T06:38:50.008Z", "user": 1, "content_type": 13, "object_id": "20", "object_repr": "Category object (20)", "action_flag": 1, "change_message": "[{\"added\": {}}]"}}, {"model": "admin.logentry", "pk": 27, "fields": {"action_time": "2022-09-26T06:39:10.492Z", "user": 1, "content_type": 13, "object_id": "21", "object_repr": "Category object (21)", "action_flag": 1, "change_message": "[{\"added\": {}}]"}}, {"model": "admin.logentry", "pk": 28, "fields": {"action_time": "2022-09-26T06:39:19.667Z", "user": 1, "content_type": 13, "object_id": "22", "object_repr": "Category object (22)", "action_flag": 1, "change_message": "[{\"added\": {}}]"}}, {"model": "admin.logentry", "pk": 29, "fields": {"action_time": "2022-09-27T04:39:12.226Z", "user": 1, "content_type": 14, "object_id": "3", "object_repr": "Black Tshirt", "action_flag": 1, "change_message": "[{\"added\": {}}]"}}, {"model": "admin.logentry", "pk": 30, "fields": {"action_time": "2022-09-30T03:49:21.623Z", "user": 1, "content_type": 15, "object_id": "1", "object_repr": "Order object (1)", "action_flag": 3, "change_message": ""}}, {"model": "admin.logentry", "pk": 31, "fields": {"action_time": "2022-09-30T03:49:27.806Z", "user": 1, "content_type": 15, "object_id": "3", "object_repr": "Order object (3)", "action_flag": 3, "change_message": ""}}, {"model": "admin.logentry", "pk": 32, "fields": {"action_time": "2022-09-30T03:49:27.808Z", "user": 1, "content_type": 15, "object_id": "2", "object_repr": "Order object (2)", "action_flag": 3, "change_message": ""}}, {"model": "admin.logentry", "pk": 33, "fields": {"action_time": "2022-10-02T10:15:04.248Z", "user": 1, "content_type": 4, "object_id": "1", "object_repr": "bogdan", "action_flag": 2, "change_message": "[{\"changed\": {\"fields\": [\"First name\", \"Last name\"]}}]"}}, {"model": "admin.logentry", "pk": 34, "fields": {"action_time": "2022-10-02T14:57:03.961Z", "user": 1, "content_type": 14, "object_id": "4", "object_repr": "BMW", "action_flag": 2, "change_message": "[{\"changed\": {\"fields\": [\"Image\"]}}]"}}, {"model": "admin.logentry", "pk": 35, "fields": {"action_time": "2022-10-02T15:07:55.538Z", "user": 1, "content_type": 14, "object_id": "4", "object_repr": "BMW", "action_flag": 3, "change_message": ""}}, {"model": "admin.logentry", "pk": 36, "fields": {"action_time": "2022-10-02T15:13:29.487Z", "user": 1, "content_type": 14, "object_id": "5", "object_repr": "BMW", "action_flag": 3, "change_message": ""}}, {"model": "admin.logentry", "pk": 37, "fields": {"action_time": "2022-10-05T00:00:33.285Z", "user": 1, "content_type": 18, "object_id": "1", "object_repr": "1", "action_flag": 1, "change_message": "[{\"added\": {}}]"}}, {"model": "auth.user", "pk": 1, "fields": {"password": "pbkdf2_sha256$260000$mG8QbpOVNqorCM7AkR27PR$Vg81e277cMHqHW2TReQWoeiosLP2LyYd/QawF/CvFAo=", "last_login": "2022-10-02T11:41:30.691Z", "is_superuser": true, "username": "bogdan", "first_name": "Bogdan", "last_name": "Iacob", "email": "bogdan@email.com", "is_staff": true, "is_active": true, "date_joined": "2022-09-18T21:03:39Z", "groups": [], "user_permissions": []}}, {"model": "auth.user", "pk": 2, "fields": {"password": "pbkdf2_sha256$260000$SGNpewNBPcWUC1Eop63iAu$9H8ZyS+IviGejPbgLZ/0LCnrXaE3uJGN4k3fXKtbUDY=", "last_login": "2022-10-02T05:17:35.509Z", "is_superuser": false, "username": "testtest", "first_name": "", "last_name": "", "email": "test@test.com", "is_staff": false, "is_active": true, "date_joined": "2022-10-02T05:16:27.227Z", "groups": [], "user_permissions": []}}, {"model": "sessions.session", "pk": "0jx0a23vibx77qxw2igxu2gcmm5s8nka", "fields": {"session_data": "eyJiYWciOnsiMSI6Mn19:1ocxwS:wE5l1-gMbfhESqaUVvaUBMjSavWB1bu_IIe_xjXYYxw", "expire_date": "2022-10-10T23:55:16.311Z"}}, {"model": "sessions.session", "pk": "0ordr0dnpz5wvuk0kdze8jpupx9kpz9x", "fields": {"session_data": "e30:1ofAnF:7LUWHYTrqhx7iBGAr0yJ_X1dSlM2AQv3lH8F3iJB0mk", "expire_date": "2022-10-17T02:02:53.071Z"}}, {"model": "sessions.session", "pk": "2dy1n6ed9bm5im168ed8saz61zb5c920", "fields": {"session_data": "eyJiYWciOnsiMyI6eyJpdGVtc19ieV9zaXplIjp7Im0iOjJ9fX19:1odQKn:jj_rPPyBpyReo_UQyDM60N1kFH3zSoNjhZL_FU3r9Uw", "expire_date": "2022-10-12T06:14:17.537Z"}}, {"model": "sessions.session", "pk": "3ti96wiuky93pai9yhhk7owki5z89vb0", "fields": {"session_data": "eyJiYWciOnsiMSI6MSwiMiI6NCwiMyI6eyJpdGVtc19ieV9zaXplIjp7Im0iOjZ9fX19:1odctm:9DeZE2vtpylIk1_iMlljw7Fw_vuOzyfOFxvI3_1ueq8", "expire_date": "2022-10-12T19:39:14.172Z"}}, {"model": "sessions.session", "pk": "6xi8vu73rmhm496f4aukknksf5vqxkpg", "fields": {"session_data": "eyJiYWciOnsiMyI6eyJpdGVtc19ieV9zaXplIjoyfSwiMSI6MSwiMiI6MX19:1odMzL:oRNvLC3JrmH3UfkUd5bAjwS0qIQjgZHo5PC8eApDRxo", "expire_date": "2022-10-12T02:39:55.006Z"}}, {"model": "sessions.session", "pk": "7183fjda7auh5a80lqeuam354fp7f33t", "fields": {"session_data": ".eJyrVkpKTFeyqlYyVLIy1FEyBjEzS1Jzi-OTKuOLM6tSQQK5YLkcIFkLBACGxg-d:1odZeQ:fFYwicmRyLXdoY_1RC6dGS6BDmgzxVVAG5f4zxyF5ww", "expire_date": "2022-10-12T16:11:10.463Z"}}, {"model": "sessions.session", "pk": "8d3mz9t8pegd67mchsacsjlpsx78ulyf", "fields": {"session_data": ".eJxVjMsOwiAURP-FdUPKU-nSvd9ALnCxqAEDrdEY_93WdKG7ycyZ8yIW5mm0c8NqUyADYaT77Rz4C-Z1CGfIp0J9yVNNjq4I3dZGjyXg9bCxf4IR2ri8QQotle4Njy5wiIyD6feOi4A7DUtQIBlHpqSIMQoTlPRGcw_agwzxK23YWirZ4uOW6pMMfUca3NGmHAsZpjrj-wPsqkWI:1ofrpx:BSQkflltYLxLxhcuHjUN0ox226tDt7KIa-08rXo4iIk", "expire_date": "2022-10-19T00:00:33.395Z"}}, {"model": "sessions.session", "pk": "8inbr8gfcnhgr2zmvrrqy5m4kqe2h2qz", "fields": {"session_data": "eyJiYWciOnsiMyI6eyJpdGVtc19ieV9zaXplIjp7Im0iOjF9fX19:1odOYx:n8msG82ql-yyCwjkoVHPsIqu7RAC0XTJ7sxemAr0p9s", "expire_date": "2022-10-12T04:20:47.856Z"}}, {"model": "sessions.session", "pk": "auqjm6i8px35xy0pkdmbe5r5i72wsdrp", "fields": {"session_data": ".eJxVjMsOwiAURP-FtSHlqXTp3m8gF-7FogZMaRON8d9tTRe6m8ycOS_mYZ4GPzcafUbWM8F2v12AeKWyDniBcq481jKNOfAV4dva-Kki3Y4b-ycYoA3LG7Sy2tjOyRRQQhISXHcIUiHtLSzBgBaShNEqpaQcGh2dlRFsBI3pK23UWq7F0-Oexyfru_cHhHk_ZA:1oa28U:doGPoCLVT_tS8FyKvHWloIisfZ9LWQoajOgBiZisQT8", "expire_date": "2022-10-02T21:47:34.677Z"}}, {"model": "sessions.session", "pk": "bj8kxvrjdvvrmvnet7qnssl9wp56qvbf", "fields": {"session_data": "eyJzYXZlX2luZm8iOmZhbHNlLCJiYWciOnsiMiI6MX19:1oeohV:pkbJuZNLqbiNpmtWQv8rXtKUdEOn_VCM1LMgIeCF6zI", "expire_date": "2022-10-16T02:27:29.736Z"}}, {"model": "sessions.session", "pk": "dw5jq9myipzelalj8x494dkbc851yhk2", "fields": {"session_data": ".eJxVjDkOgzAQRe8yNbLwmpgyfc5gjTdwEkDCUCTIdw-WaOie3l92sNhDtwODjjfAK6Y1jNnYr8npF6oYoaOllAYMbutgthwWkzx0QOHiLLp3mGrgXzj1M3HztC7JklohZ5rJc_bh8zi7l4MB83CsUXAlpGo1i9YzjJShbu-WcR9uCg-QKCgLVAoeY-TaS-G0Yg6VQ-Gjh_IHCS9Fsw:1odgRZ:D1ngpbAVbebyo61Y_7gYn6TFnszFTYBHSngt7wsgL8I", "expire_date": "2022-10-12T23:26:21.463Z"}}, {"model": "sessions.session", "pk": "egepjk5oq7lzwhmarbbmayn10kcls111", "fields": {"session_data": "eyJiYWciOnsiMyI6eyJpdGVtc19ieV9zaXplIjp7Im0iOjJ9fX19:1odNEv:d5LqFsBd4pdGPyxK5B5yAADEnfi3b81xr6xc4vmTjPk", "expire_date": "2022-10-12T02:56:01.643Z"}}, {"model": "sessions.session", "pk": "epa9qelsf7qz3q3smmqua9s5h69dyiok", "fields": {"session_data": "eyJiYWciOnsiMSI6MSwiMiI6MiwiMyI6eyJpdGVtc19ieV9zaXplIjp7Im0iOjF9fX19:1odN6d:3B5fvIttw__kGzaStkNjcUnm9JIaXjUCFr7LzKjDvYw", "expire_date": "2022-10-12T02:47:27.870Z"}}, {"model": "sessions.session", "pk": "gbcod55tnij88xv4weaivy3clt6tkfyq", "fields": {"session_data": ".eJxVjDsOgzAQRO-ydWThb2LK9JzBWnu9gSSyJQxpotw9INHQjea9mS80_OQwFa7QL_OaLxBwXcawtjyHiaAHCacuYnrlsgN6YnlUkWpZ5imKXREHbWKolN_3wz0djNjGbY1GO2Nd5xVHUshSoe9uUWnKV4dbsGikytIazczakzXJO5XQJTTEBL8_Kzg-Sw:1oeWwB:BKqPaR7Arx_W2cTJOoAmVgCw1N_EUqWrxIFOY6G30uc", "expire_date": "2022-10-15T07:29:27.678Z"}}, {"model": "sessions.session", "pk": "grmnvnzm0d2rxmevm7baawenn68ed2nn", "fields": {"session_data": "eyJiYWciOnsiMyI6eyJpdGVtc19ieV9zaXplIjp7Im0iOjIsInMiOjR9fSwiMSI6MSwiMiI6M319:1odNKB:8-K6g-NWJmGv_XwVd_hmWTZ6vepE961qSUNvwy0crIw", "expire_date": "2022-10-12T03:01:27.164Z"}}, {"model": "sessions.session", "pk": "gunt8th7aetago1h7ryjsq1uzcqe65yr", "fields": {"session_data": "eyJzYXZlX2luZm8iOmZhbHNlLCJiYWciOnsiMSI6MX19:1oerHF:jhunYHjgnVr0CrQc9QVis2kCyodMAlIVgDk-feWJx9w", "expire_date": "2022-10-16T05:12:33.860Z"}}, {"model": "sessions.session", "pk": "n7yn2kc8n6ivac98ex75fmm5asaznaf5", "fields": {"session_data": "eyJiYWciOnsiMSI6Mn19:1odQZb:bErlenyEwXb8OIALpswKmhEKMki2hpmLdX9-KDlQ5EA", "expire_date": "2022-10-12T06:29:35.513Z"}}, {"model": "sessions.session", "pk": "nzu12h5g8s4zq8b4iwfs2s39isd1gc2b", "fields": {"session_data": "eyJiYWciOnsiMyI6eyJpdGVtc19ieV9zaXplIjp7Im0iOjF9fSwiMSI6MSwiMiI6MX19:1odaD2:Fa8mz546_ICLPpErcK-r5kGX-dOfu7HjVjZQcb6fELE", "expire_date": "2022-10-12T16:46:56.066Z"}}, {"model": "sessions.session", "pk": "qk88eg6rjk2elnp6kd0jgosm1gqcxju9", "fields": {"session_data": ".eJxVjkEOgyAURO_y18YIIq0su-8ZyAc-SmugEW3aGO9ebdy4m8y8mcwCGd-kQ_QJlMchUwEa56nXc6ZRBwcKGJw8g_ZJcQ_cA2OXSpviNAZT7kh5pLm8J0fD7WBPAz3mfmujqKVoZNVybxxHzzi21dXw2tFF4iYaFIwTa0Ttva9b1wjbSm5RWhTO_0cz5RxS1PR5hfELqirAYAdq2U4rtq4_e2tJfw:1oetlk:KdYTSy-42-g4H8_YMp6qhSp1Cj5S4GBDGnvHzRwdlqk", "expire_date": "2022-10-16T07:52:12.499Z"}}, {"model": "sessions.session", "pk": "qkmt1aigj0egua1be7kcjhyza6syfbl6", "fields": {"session_data": ".eJxVjjsOgzAQRO-yNbLw-pPYZfqcAa29NiaJjMSnQtw9IFEk3WjmzWg26GhdSrfOaeoGBg8Sml8vUHynegb8otqPIo51mYYgTkRc6SyeI6fP42L_BgrN5WiTVlYb2zrMgZGyRHLtPaDidLN0CENaYpJGq5yzcmx0dBYj2Uia8zkaqAe_HQe9bADB475_AWgyPOE:1ocxns:9gUXDKhqhMdgVHwAjEWcMOUAga9RTy_0UWY6b9XOjH0", "expire_date": "2022-10-10T23:46:24.766Z"}}, {"model": "sessions.session", "pk": "r5iecz9afnl2thw22b7plgt04bjcqvay", "fields": {"session_data": "eyJiYWciOnsiMSI6MSwiMiI6Mn19:1odZbQ:QWDUSI1NOho0-Mf1UFhCsfjGGz1HkuZEevHnYWIcHtU", "expire_date": "2022-10-12T16:08:04.770Z"}}, {"model": "sessions.session", "pk": "t6smyf3n5is4b582lbwxbsps6ghkl4du", "fields": {"session_data": "eyJiYWciOnsiMyI6eyJpdGVtc19ieV9zaXplIjoxfX19:1odN8d:nr-XXjfRT4RCTV817cKccB2J8rHPVMyaq4C0qOst_L8", "expire_date": "2022-10-12T02:49:31.122Z"}}, {"model": "sessions.session", "pk": "vtmz2wcol5k61vu8t5k96ht4alcdlyn3", "fields": {"session_data": ".eJxVjDsOgzAQRO-yNbLw-pPYZfqcAa29NpBEIGGoEHePkWjoRvPezA6BevA7IHjZgASPDaiajwY62tah20paupHBV3jrAsVvmk7AH5r6WcR5WpcxiFMRFy3iPXP6vS73djBQGeqatLLa2NZhDoyUJZJrnwEVp4elGgxpiUkarXLOyrHR0VmMZCNpzgzHHwzzPe8:1od2aA:qhXU0wmyEXmWmoAniIruyQ0pK1Ag36BE7AIe3C_Qp4o", "expire_date": "2022-10-11T04:52:34.786Z"}}, {"model": "sessions.session", "pk": "x2de2mhqzfqb0dvknvsrhgr8vf0pt4mt", "fields": {"session_data": "eyJiYWciOnsiMyI6eyJpdGVtc19ieV9zaXplIjp7Im0iOjIsInhzIjoxfX0sIjEiOjF9fQ:1oddER:W3ucEJGMc4QcMdLDc3W00wpN2yYJIhZUaYlrXPp8CTE", "expire_date": "2022-10-12T20:00:35.818Z"}}, {"model": "sessions.session", "pk": "xkretde98amckconquqy4cws73e0wbii", "fields": {"session_data": "eyJiYWciOnsiMyI6eyJpdGVtc19ieV9zaXplIjozfX19:1odN7j:X-9-z3e3WlMcGsAAKHdzeqBE5-EUGaQqT-xSeOEckX4", "expire_date": "2022-10-12T02:48:35.351Z"}}, {"model": "sessions.session", "pk": "xod11joaiqhbeqhal6azt1c394gdnyc6", "fields": {"session_data": "eyJiYWciOnsiMyI6eyJpdGVtc19ieV9zaXplIjoxfX19:1odNCv:a_TKOfsFRqIZdWM26VDpN4k5JoUBJqKxm-DBgbMqiK8", "expire_date": "2022-10-12T02:53:57.066Z"}}, {"model": "sessions.session", "pk": "zeyv5despbin0b1o44i2bf4qr4fxiors", "fields": {"session_data": ".eJxVjEEOwiAURO_y101TKEXL0r1nIB_4WNSAgdZomt7d1nShu8nMmzeDxmkc9FQo6-BAAYPqtzNobxS3wV0xXlJtUxxzMPWG1Pta6nNydD_t7J9gwDKsbxStFJ1seu6N4-gZx745Gt46OkhcQ4eCcWKdaL33be86YXvJLUqLwvmvtFApIUVNr0fIb1BNBQWfpEP0CdSYJ6rA4AXUDBwUW5YP0lJJNQ:1oevvi:hzcr18yBMxxhVGVeA_ZAFdceSBqrACB9ri_z1LbpS0c", "expire_date": "2022-10-16T10:10:38.966Z"}}, {"model": "sites.site", "pk": 1, "fields": {"domain": "stuffexpress.example.com", "name": "Stuff Express"}}, {"model": "account.emailaddress", "pk": 1, "fields": {"user": 1, "email": "bogdan@email.com", "verified": true, "primary": true}}, {"model": "account.emailaddress", "pk": 2, "fields": {"user": 2, "email": "test@test.com", "verified": true, "primary": true}}, {"model": "products.category", "pk": 1, "fields": {"name": "electronics", "friendly_name": "Electronics"}}, {"model": "products.category", "pk": 2, "fields": {"name": "appliances", "friendly_name": "Appliances"}}, {"model": "products.category", "pk": 3, "fields": {"name": "tv", "friendly_name": "TV's"}}, {"model": "products.category", "pk": 4, "fields": {"name": "mobile_phones", "friendly_name": "Mobile Phones"}}, {"model": "products.category", "pk": 5, "fields": {"name": "audio", "friendly_name": "Audio"}}, {"model": "products.category", "pk": 6, "fields": {"name": "motors", "friendly_name": "Motors"}}, {"model": "products.category", "pk": 7, "fields": {"name": "motorcycle", "friendly_name": "Motorcycle"}}, {"model": "products.category", "pk": 8, "fields": {"name": "cars", "friendly_name": "Cars"}}, {"model": "products.category", "pk": 9, "fields": {"name": "vans", "friendly_name": "Vans"}}, {"model": "products.category", "pk": 10, "fields": {"name": "tyres", "friendly_name": "Tyres"}}, {"model": "products.category", "pk": 11, "fields": {"name": "activewear_essentials", "friendly_name": "Activewear & Essentials"}}, {"model": "products.category", "pk": 12, "fields": {"name": "jeans", "friendly_name": "Jeans"}}, {"model": "products.category", "pk": 13, "fields": {"name": "shirts", "friendly_name": "Shirts"}}, {"model": "products.category", "pk": 14, "fields": {"name": "bed_bath", "friendly_name": "Bed & Bath"}}, {"model": "products.category", "pk": 15, "fields": {"name": "kitchen_dining", "friendly_name": "Kitchen & Dining"}}, {"model": "products.category", "pk": 16, "fields": {"name": "new_arrivals", "friendly_name": "New Arrivals"}}, {"model": "products.category", "pk": 17, "fields": {"name": "deals", "friendly_name": "Deals"}}, {"model": "products.category", "pk": 18, "fields": {"name": "clearance", "friendly_name": "Clearance"}}, {"model": "products.category", "pk": 19, "fields": {"name": "bed", "friendly_name": "Bed"}}, {"model": "products.category", "pk": 20, "fields": {"name": "bath", "friendly_name": "Bath"}}, {"model": "products.category", "pk": 21, "fields": {"name": "kitchen", "friendly_name": "Kitchen"}}, {"model": "products.category", "pk": 22, "fields": {"name": "dining", "friendly_name": "Dining"}}, {"model": "products.product", "pk": 1, "fields": {"category": 1, "name": "Keyboard", "brand": "Asd", "description": "White keyboard, black text", "has_sizes": false, "sale_price": "10.99", "market_price": "20.00", "rating": "4.50", "image_url": null, "image": "keyboard-white.jpg"}}, {"model": "products.product", "pk": 2, "fields": {"category": 1, "name": "Laptop", "brand": "No Name", "description": "13\" Silver laptop", "has_sizes": false, "sale_price": "1099.00", "market_price": "1299.00", "rating": "4.90", "image_url": null, "image": "laptop.jpg"}}, {"model": "products.product", "pk": 3, "fields": {"category": 13, "name": "Black Tshirt", "brand": "Slack", "description": "Simple, black tshirt", "has_sizes": true, "sale_price": "12.99", "market_price": "17.99", "rating": "4.70", "image_url": null, "image": "black-tshirt-cut.jpg"}}, {"model": "products.product", "pk": 4, "fields": {"category": 8, "name": "BMW", "brand": "BMW", "description": "Colour blue, 4 doors, 4 wheels", "has_sizes": false, "sale_price": null, "market_price": "55000.00", "rating": "4.80", "image_url": null, "image": "bmw-sell.jpg"}}, {"model": "products.review", "pk": 1, "fields": {"user": 1, "product": 1, "date": "2022-10-05T00:00:33.283Z", "review_text": "quiet keyboard", "star_rating": 5}}, {"model": "checkout.order", "pk": 4, "fields": {"order_number": "72E3EDD03433491DB1D75F4B61574A26", "user_profile": null, "full_name": "test3", "email": "test3@test.com", "phone_number": "123456789", "country": "testtest", "postcode": "12345", "town_or_city": "testtesttest", "street_address1": "12345 elm street", "street_address2": null, "county": null, "date": "2022-09-30T06:04:06.076Z", "delivery_cost": "1.60", "order_total": "15.99", "grand_total": "17.59", "original_bag": "", "stripe_pid": ""}}, {"model": "checkout.order", "pk": 5, "fields": {"order_number": "147B437FCF564B24875A7C7A6088CA31", "user_profile": null, "full_name": "test7", "email": "test7@test.com", "phone_number": "123456789", "country": "UK", "postcode": null, "town_or_city": "dafdfasd", "street_address1": "fasfasd", "street_address2": null, "county": null, "date": "2022-10-01T01:47:44.614Z", "delivery_cost": "0.00", "order_total": "35.98", "grand_total": "35.98", "original_bag": "", "stripe_pid": ""}}, {"model": "checkout.order", "pk": 6, "fields": {"order_number": "BF8309A3A24046BBB736D50305976A01", "user_profile": null, "full_name": "test8", "email": "test8@test.com", "phone_number": "123456789", "country": "GB", "postcode": "124563", "town_or_city": "kjhjkdff", "street_address1": "fnsaldfklsa", "street_address2": null, "county": null, "date": "2022-10-01T07:17:54.570Z", "delivery_cost": "1.60", "order_total": "15.99", "grand_total": "17.59", "original_bag": "{\"1\": 1}", "stripe_pid": "pi_3LnzwHGg4BpUsp5D0d83xZ8g"}}, {"model": "checkout.order", "pk": 7, "fields": {"order_number": "EDD70BB793C44D389F0F53D3021BF660", "user_profile": null, "full_name": "test9", "email": "test9@test.com", "phone_number": "0123456789", "country": "GB", "postcode": "12345", "town_or_city": "fdskfljaijda", "street_address1": "sdafasfa", "street_address2": null, "county": null, "date": "2022-10-01T07:21:05.809Z", "delivery_cost": "0.00", "order_total": "1299.00", "grand_total": "1299.00", "original_bag": "{\"2\": 1}", "stripe_pid": "pi_3LnzztGg4BpUsp5D1qvmzru2"}}, {"model": "checkout.order", "pk": 8, "fields": {"order_number": "650FDD9FB71A4E259C8E04AF37B99271", "user_profile": null, "full_name": "test10", "email": "test10@test.com", "phone_number": "123456789", "country": "GB", "postcode": "12345", "town_or_city": "dsfds", "street_address1": "asdasd", "street_address2": null, "county": null, "date": "2022-10-01T07:27:26.313Z", "delivery_cost": "1.80", "order_total": "17.99", "grand_total": "19.79", "original_bag": "{\"3\": {\"items_by_size\": {\"m\": 1}}}", "stripe_pid": "pi_3Lo03tGg4BpUsp5D1iZJ0vbB"}}, {"model": "checkout.order", "pk": 9, "fields": {"order_number": "C11866C0B241471896D9A90BFF0CDDA9", "user_profile": null, "full_name": "test11", "email": "test11@test.com", "phone_number": "1234567890", "country": "US", "postcode": "12345", "town_or_city": "juhsytcss", "street_address1": "sdffdaslsdkafa", "street_address2": null, "county": null, "date": "2022-10-01T07:29:27.548Z", "delivery_cost": "1.60", "order_total": "15.99", "grand_total": "17.59", "original_bag": "{\"1\": 1}", "stripe_pid": "pi_3Lo07xGg4BpUsp5D1jBsSrEk"}}, {"model": "checkout.order", "pk": 10, "fields": {"order_number": "C65C9416C8AA484D801D5D620D19B79B", "user_profile": null, "full_name": "test12", "email": "test12@test.com", "phone_number": "1234567890", "country": "US", "postcode": "12345", "town_or_city": "huotre", "street_address1": "huotres", "street_address2": null, "county": null, "date": "2022-10-01T08:17:53.782Z", "delivery_cost": "1.60", "order_total": "15.99", "grand_total": "17.59", "original_bag": "{\"1\": 1}", "stripe_pid": "pi_3Lo0skGg4BpUsp5D0pTF7Cb8"}}, {"model": "checkout.order", "pk": 11, "fields": {"order_number": "8507F85314FD485CA567857C9338016B", "user_profile": null, "full_name": "test13", "email": "tesat13@test.com", "phone_number": "1234567890", "country": "US", "postcode": "12345", "town_or_city": "hsudyftr", "street_address1": "dsafufd", "street_address2": null, "county": null, "date": "2022-10-01T08:35:18.731Z", "delivery_cost": "0.00", "order_total": "1299.00", "grand_total": "1299.00", "original_bag": "{\"2\": 1}", "stripe_pid": "pi_3Lo19jGg4BpUsp5D0WkAJR7M"}}, {"model": "checkout.order", "pk": 12, "fields": {"order_number": "D6B791A371F643E283D7B7AC4D42B114", "user_profile": null, "full_name": "test13", "email": "test13@test.com", "phone_number": "1234567890", "country": "US", "postcode": "12345", "town_or_city": "Bogdters", "street_address1": "sdfddsaass", "street_address2": null, "county": null, "date": "2022-10-02T02:17:19.099Z", "delivery_cost": "1.80", "order_total": "17.99", "grand_total": "19.79", "original_bag": "{\"3\": {\"items_by_size\": {\"m\": 1}}}", "stripe_pid": "pi_3LoHjMGg4BpUsp5D0zEZjCnM"}}, {"model": "checkout.order", "pk": 13, "fields": {"order_number": "3C56B9DDCFC44F2298D6CB6B0B17468D", "user_profile": null, "full_name": "test15", "email": "test15@test.com", "phone_number": "123456789", "country": "GB", "postcode": "12345", "town_or_city": "kfjslkjfsi", "street_address1": "dskljfisjgis", "street_address2": null, "county": null, "date": "2022-10-02T02:38:41.256Z", "delivery_cost": "1.60", "order_total": "15.99", "grand_total": "17.59", "original_bag": "{\"1\": 1}", "stripe_pid": "pi_3LoI49Gg4BpUsp5D0Fd3YtKX"}}, {"model": "checkout.order", "pk": 14, "fields": {"order_number": "B0A0DD29E0004B33BAC17FF3E6792967", "user_profile": null, "full_name": "test16", "email": "test16@test.com", "phone_number": "123456789", "country": "GB", "postcode": "12345", "town_or_city": "lksjfdws", "street_address1": "kfjdskdfs", "street_address2": null, "county": null, "date": "2022-10-02T03:00:12.031Z", "delivery_cost": "1.60", "order_total": "15.99", "grand_total": "17.59", "original_bag": "{\"1\": 1}", "stripe_pid": "pi_3LoIOnGg4BpUsp5D1pxkbAIn"}}, {"model": "checkout.order", "pk": 15, "fields": {"order_number": "8253E3AE05344C559122CD677CD57D87", "user_profile": 1, "full_name": "Bogdan-Catalin Iacob", "email": "Bogdan-iacob@hotmail.com", "phone_number": "07824489630", "country": "GB", "postcode": "NP19 7GS", "town_or_city": "Newport", "street_address1": "ANNESLEY HOUSE, 130", "street_address2": "CAERLEON ROAD", "county": "Gwent", "date": "2022-10-02T09:47:48.849Z", "delivery_cost": "1.60", "order_total": "15.99", "grand_total": "17.59", "original_bag": "{\"1\": 1}", "stripe_pid": "pi_3LoOldGg4BpUsp5D1NQCJ5Ot"}}, {"model": "checkout.order", "pk": 16, "fields": {"order_number": "E9969EF095D54AA4970D188995F782F3", "user_profile": 1, "full_name": "Bogdan Iacob", "email": "bogdan-iacob@hotmail.com", "phone_number": "07824489630", "country": "GB", "postcode": "NP19 7GS", "town_or_city": "Newport", "street_address1": "ANNESLEY HOUSE, 130", "street_address2": "CAERLEON ROAD", "county": "Gwent", "date": "2022-10-02T10:20:56.808Z", "delivery_cost": "1.60", "order_total": "15.99", "grand_total": "17.59", "original_bag": "{\"1\": 1}", "stripe_pid": "pi_3LoPHWGg4BpUsp5D1nGq6dFr"}}, {"model": "checkout.order", "pk": 17, "fields": {"order_number": "070192C64E88493983B8B9851BB9BFB0", "user_profile": 1, "full_name": "Bogdan Iacob", "email": "bogdan-iacob@hotmail.com", "phone_number": "07824489630", "country": "GB", "postcode": "NP19 7GS", "town_or_city": "Newport", "street_address1": "ANNESLEY HOUSE, 130", "street_address2": "CAERLEON ROAD", "county": "Gwent", "date": "2022-10-02T13:08:05.362Z", "delivery_cost": "0.00", "order_total": "1299.00", "grand_total": "1299.00", "original_bag": "{\"2\": 1}", "stripe_pid": "pi_3LoRtKGg4BpUsp5D1GkbqaIF"}}, {"model": "checkout.order", "pk": 18, "fields": {"order_number": "5187AFD257574881AF3A9BDC21F2E370", "user_profile": 1, "full_name": "Bogdan Iacob", "email": "bogdan@email.com", "phone_number": "07824489630", "country": "GB", "postcode": "NP19 7GS", "town_or_city": "Newport", "street_address1": "ANNESLEY HOUSE, 130", "street_address2": "CAERLEON ROAD", "county": "Gwent", "date": "2022-10-02T13:10:07.250Z", "delivery_cost": "1.60", "order_total": "15.99", "grand_total": "17.59", "original_bag": "{\"1\": 1}", "stripe_pid": "pi_3LoRvYGg4BpUsp5D1Y22xKbS"}}, {"model": "checkout.order", "pk": 19, "fields": {"order_number": "FA910D04780B47459671E58D66B458F2", "user_profile": 1, "full_name": "Bogdan Iacob", "email": "bogdan-iacob@hotmail.com", "phone_number": "07824489630", "country": "GB", "postcode": "NP19 7GS", "town_or_city": "Newport", "street_address1": "ANNESLEY HOUSE, 130", "street_address2": "CAERLEON ROAD", "county": "Gwent", "date": "2022-10-02T13:23:47.637Z", "delivery_cost": "0.00", "order_total": "1299.00", "grand_total": "1299.00", "original_bag": "{\"2\": 1}", "stripe_pid": "pi_3LoS8fGg4BpUsp5D1ca2eJAT"}}, {"model": "checkout.orderlineitem", "pk": 7, "fields": {"order": 4, "product": 1, "product_size": null, "quantity": 1, "lineitem_total": "15.99"}}, {"model": "checkout.orderlineitem", "pk": 8, "fields": {"order": 5, "product": 3, "product_size": "m", "quantity": 1, "lineitem_total": "17.99"}}, {"model": "checkout.orderlineitem", "pk": 9, "fields": {"order": 5, "product": 3, "product_size": "l", "quantity": 1, "lineitem_total": "17.99"}}, {"model": "checkout.orderlineitem", "pk": 10, "fields": {"order": 6, "product": 1, "product_size": null, "quantity": 1, "lineitem_total": "15.99"}}, {"model": "checkout.orderlineitem", "pk": 11, "fields": {"order": 7, "product": 2, "product_size": null, "quantity": 1, "lineitem_total": "1299.00"}}, {"model": "checkout.orderlineitem", "pk": 12, "fields": {"order": 8, "product": 3, "product_size": "m", "quantity": 1, "lineitem_total": "17.99"}}, {"model": "checkout.orderlineitem", "pk": 13, "fields": {"order": 9, "product": 1, "product_size": null, "quantity": 1, "lineitem_total": "15.99"}}, {"model": "checkout.orderlineitem", "pk": 14, "fields": {"order": 10, "product": 1, "product_size": null, "quantity": 1, "lineitem_total": "15.99"}}, {"model": "checkout.orderlineitem", "pk": 15, "fields": {"order": 11, "product": 2, "product_size": null, "quantity": 1, "lineitem_total": "1299.00"}}, {"model": "checkout.orderlineitem", "pk": 16, "fields": {"order": 12, "product": 3, "product_size": "m", "quantity": 1, "lineitem_total": "17.99"}}, {"model": "checkout.orderlineitem", "pk": 17, "fields": {"order": 13, "product": 1, "product_size": null, "quantity": 1, "lineitem_total": "15.99"}}, {"model": "checkout.orderlineitem", "pk": 18, "fields": {"order": 14, "product": 1, "product_size": null, "quantity": 1, "lineitem_total": "15.99"}}, {"model": "checkout.orderlineitem", "pk": 19, "fields": {"order": 15, "product": 1, "product_size": null, "quantity": 1, "lineitem_total": "15.99"}}, {"model": "checkout.orderlineitem", "pk": 20, "fields": {"order": 16, "product": 1, "product_size": null, "quantity": 1, "lineitem_total": "15.99"}}, {"model": "checkout.orderlineitem", "pk": 21, "fields": {"order": 17, "product": 2, "product_size": null, "quantity": 1, "lineitem_total": "1299.00"}}, {"model": "checkout.orderlineitem", "pk": 22, "fields": {"order": 18, "product": 1, "product_size": null, "quantity": 1, "lineitem_total": "15.99"}}, {"model": "checkout.orderlineitem", "pk": 23, "fields": {"order": 19, "product": 2, "product_size": null, "quantity": 1, "lineitem_total": "1299.00"}}, {"model": "profiles.userprofile", "pk": 1, "fields": {"user": 1, "default_phone_number": "07824489630", "default_street_address1": "ANNESLEY HOUSE, 130", "default_street_address2": "CAERLEON ROAD", "default_town_or_city": "Newport", "default_county": "Gwent", "default_postcode": "NP19 7GS", "default_country": "GB"}}, {"model": "profiles.userprofile", "pk": 2, "fields": {"user": 2, "default_phone_number": null, "default_street_address1": null, "default_street_address2": null, "default_town_or_city": null, "default_county": null, "default_postcode": null, "default_country": null}}]